Besin,Ogun,Tur,Kategori,Ölçü,Protein,Karbonhidrat,Yağ,Kolesterol,Kalori
Alabalık,Akşam,Hiçbiri,Balık,100,18.3,0,9,71,175
Kalkan,Akşam,Hiçbiri,Balık,100,14.8,0,14.4,50,193
Levrek,Akşam,Hiçbiri,Balık,100,19.2,0,1.2,20,93
Mersin,Akşam,Hiçbiri,Balık,100,17.7,0,2.3,25,96
Palamut,Akşam,Hiçbiri,Balık,100,24,0,7.3,35,168
Sardalya,Akşam,Hiçbiri,Balık,100,19.2,0,8.6,70,160
Sardalya(konserve),Öğle,Hiçbiri,Balık,100,24,0,11,50,205
Somon,Akşam,Hiçbiri,Balık,100,20.3,0,8.2,60,155
Ton,Öğle,Hiçbiri,Balık,100,22.8,0,22,55,289
Uskumru,Akşam,Hiçbiri,Balık,100,21.9,0,7.3,30,159
Yağlı Koyun Eti,Akşam,Hiçbiri,Et,100,15.4,0,27.1,160,310
Yağlı Sığır Eti,Akşam,Hiçbiri,Et,100,17.4,0,25,80,301
Badem,Sabah,Vegan,Kuruyemiş,100,18.6,19,54.2,54,598
Bakla,Akşam,Vegan,Baklagil,100,25.1,58.2,1.7,2,338
Barbunya,Akşam,Vegan,Baklagil,100,22.9,63,1.2,1,349
Bezelye,Akşam,Vegan,Baklagil,100,24.2,63,1,1,348
Börülce,Akşam,Vegan,Baklagil,100,22.8,61.7,1.5,2,343
Ceviz,Random,Vegan,Kuruyemiş,100,14.8,15.8,64,64,651
Fındık,Random,Vegan,Kuruyemiş,100,12,16,62.4,62,634
Mercimek,Akşam,Vegan,Baklagil,100,24.7,60.1,1.1,1,340
Nohut,Akşam,Vegan,Baklagil,100,20.5,61,4.8,4,360
Yer Fıstığı,Random,Vegan,Kuruyemiş,100,26.2,20.6,48.7,48,582
Kavurma,Akşam,Hiçbiri,Et,100,20,0.2,65.5,65,670
Pastırma(çemenli),Sabah,Hiçbiri,Et,100,29.5,1,13.9,12,250
Pastırma(çemensiz),Sabah,Hiçbiri,Et,100,32.7,1,14.9,13,269
Salam,Sabah,Hiçbiri,Et,100,23.8,1.2,38.1,60,450
Sosis,Sabah,Hiçbiri,Et,100,11.3,2.4,29.4,56,322
Sucuk,Sabah,Hiçbiri,Et,100,21.4,1,40.8,28,452
Tereyağı(tatlıkaşığı),Sabah,Vejetaryen,Yağ,100,0,0,11,11,100
Az Yağlı Dana Eti,Akşam,Hiçbiri,Et,100,19.7,0,8,70,156
Az Yağlı Koyun Eti,Akşam,Hiçbiri,Et,100,16.8,0,19.4,140,247
KremalıKuşkonmazÇorbası,Akşam,Vejetaryen,Çorba,100,35,2,6,1,340
KremalıMantarÇorbası,Akşam,Vejetaryen,Çorba,100,39,2,7,1,380
KremalıPatatesÇorbası,Akşam,Vejetaryen,Çorba,100,30,1,6,1,390
KremalıSoğanÇorbası,Akşam,Vejetaryen,Çorba,100,44,2,7,2,310
KremalıTavukÇorbası,Akşam,Hiçbiri,Çorba,100,48,3,7,2,280
KremalıTavukluNoodleÇorbası,Akşam,Hiçbiri,Çorba,100,23,1,5,0,340
LahanaÇorbası,Akşam,Vegan,Çorba,100,28,1,6,0,150
MakarnalıSebzeÇorbası,Akşam,Vejetaryen,Çorba,100,34,2,7,1,180
MantarÇorbası,Akşam,Vejetaryen,Çorba,100,35,2,7,1,170
MercimekÇorbası,Random,Vegan,Çorba,100,56,2,8,0,160
NoodleÇorbası,Akşam,Vejetaryen,Çorba,100,34,2,6,1,410
PatatesÇorbası,Akşam,Vejetaryen,Çorba,100,80,2,17,0,350
PeynirliBrokoliÇorbası,Öğle,Vejetaryen,Çorba,100,87,4,10,4,340
PirinçÇorbasıveTavuk,Akşam,Hiçbiri,Çorba,100,24,1,5,0,540
Ramen,Akşam,Vejetaryen,Çorba,100,436,9,62,14,560
SebzeÇorbası,Akşam,Vegan,Çorba,100,28,1,6,0,140
SoğanÇorbası,Akşam,Vegan,Çorba,100,23,1,5,0,90
SığırÇorbası,Akşam,Hiçbiri,Çorba,100,28,2,5,1,190
TavukluNoodleÇorbası,Akşam,Hiçbiri,Çorba,100,25,1,5,0,260
TavukluSebzeÇorbası,Akşam,Hiçbiri,Çorba,100,31,2,6,1,180
BardaktaNoodle,Öğle,Vejetaryen,Makarna,100,192,4.37,25,12,0.98
BurguMakarna,Öğle,Vegan,Makarna,100,367,12,5,71.7,450
Cannelloni,Akşam,Vejetaryen,Makarna,100,146,5.8,30,59,493
Capellini,Akşam,Vegan,Makarna,100,353,12,5,71.7,115
Cappelletti,Akşam,Vejetaryen,Makarna,100,164,5,8,30.59,593
DenizKabuğu,Akşam,Vegan,Makarna,100,353,12,5,71.7,115
DüdükMakarna,Öğle,Vegan,Makarna,100,370,12,5,71.7,211
DüşükKarbonhidratlıMakarna,Öğle,Vegan,Makarna,100,282,12,5,71.5,315
EvYapımıErişte,Akşam,Vegan,Makarna,100,260,12,5,71.7,611
Farfalle,Akşam,Vegan,Makarna,100,358,12,7,77.7,511
Fetuccini,Öğle,Vegan,Makarna,100,353,12,32,27.7,811
IspanaklıTortellini,Öğle,Vejetaryen,Makarna,100,314,12,5,57.7,191
KayseriMantısı,Öğle,Vejetaryen,Makarna,100,264,12,5,71.7,112
Mantı,Akşam,Vejetaryen,Makarna,100,200,12,5,72.7,654
Penne,Öğle,Vegan,Makarna,100,351,12.5,71,7,114
Ravioli,Akşam,Vejetaryen,Makarna,100,77,12.5,71,87,118
ShiratakiNoodle,Akşam,Vegan,Makarna,100,18,0.1,3.6,0.1,821
SoyaNoodle,Akşam,Vegan,Makarna,100,216,12.5,71.7,1.1,536
Spagetti,Akşam,Vegan,Makarna,100,370,12.5,71.7,1.1,359
Tagliatelle,Akşam,Vegan,Makarna,100,370,12.5,71.7,1.1,536
TamBuğdayNoodle,Akşam,Vegan,Makarna,100,347,12.5,71.7,1.1,325
TamBuğdaySpagetti,Akşam,Vegan,Makarna,100,351,12.5,71.7,1.1,325
HavuçluBezelye,Akşam,Vegan,Sebze,48,2,8,0.2,48,215
Humus,Akşam,Vegan,Meze,177,4,20,8,177,145
PişmişEnginar,Akşam,Vegan,Sebze,53,2,12,0.1,53,154
HünkarBeğendi,Akşam,Hiçbiri,Yemek,174,10,6,12,174,380
KıymalıPide,Akşam,Hiçbiri,Yemek,186,8,20,8,186,598
PatatesPüresi,Akşam,Vejetaryen,Yemek,83,2,14,2,83,687
PişmişKereviz,Akşam,Vegan,Sebze,26,1,6,0.1,26,254
PatatesSalatası,Öğle,Vejetaryen,Salata,143,2,17,7,143,654
AdanaKebap,Akşam,Hiçbiri,Yemek,240,16,2,18,240,547
SucukluKaşarlıPide,Akşam,Hiçbiri,Yemek,305,10,25,20,305,687
Lazanya,Akşam,Vejetaryen,Yemek,132,5,18,4,132,874
TereyağlıPirinçPilavı,Akşam,Vejetaryen,Yemek,185,3,30,5,185,658
KuzuTandır,Akşam,Hiçbiri,Yemek,150,20,0,7,150,754
KıymalıMakarna,Akşam,Hiçbiri,Yemek,130,6,15,4,130,568
KarışıkPizza,Öğle,Hiçbiri,Yemek,185,8,20,8,185,457
PeynirliMakarna,Öğle,Vejetaryen,Yemek,140,7,16,4,140,689
TavukluSalata,Öğle,Hiçbiri,Salata,48,5,2,1,48,21
KıymalıDolma,Akşam,Hiçbiri,Yemek,80,4,10,2,80,487
ZeytinyağlıTazeFasulye,Akşam,Vegan,Sebze,50,2,8,2,50,458
FırındaTavuk,Akşam,Hiçbiri,Yemek,138,20,0,6,138,278
ÇobanSalata,Öğle,Vegan,Salata,100,1,8,0,0,40
ZeytinyağlıDolma,Öğle,Vegan,Salata,175,3,20,9,175,478
İskenderKebap,Akşam,Hiçbiri,Yemek,300,15,20,18,300,300
YaprakDöner,Akşam,Hiçbiri,Yemek,250,16,2,20,250,520
YaylaÇorbası,Akşam,Vejetaryen,Çorba,90,3,12,2,90,220
KıymalıKapuska,Akşam,Hiçbiri,Yemek,100,8,6,5,25,110
KözlenmişPatlıcanÇorbası,Akşam,Vejetaryen,Çorba,100,3,6,4,5,60
Lahmacun,Akşam,Hiçbiri,Yemek,100,9,40,12,40,250
KaşarlıPide,Öğle,Vejetaryen,Yemek,100,12,35,15,50,320
KıymalıGözleme,Öğle,Hiçbiri,Yemek,100,10,30,14,45,280
İçliKöfte,Akşam,Hiçbiri,Yemek,100,15,25,10,60,300
Kısır,Random,Vegan,Salata,100,5,20,8,0,180
Karnıyarık,Akşam,Hiçbiri,Yemek,100,7,12,10,45,180
EtliDolma,Akşam,Hiçbiri,Yemek,100,9,15,7,50,200
Çılbır,Akşam,Vejetaryen,Yemek,100,8,2,6,160,120
PatlıcanMusakka,Akşam,Hiçbiri,Yemek,100,6,10,8,30,150
MercimekKöftesi,Akşam,Vegan,Yemek,100,6,25,5,0,170
YoğurtluKabak,Öğle,Vejetaryen,Yemek,100,4,10,3,5,80
SebzeliBörek,Akşam,Vejetaryen,Yemek,100,7,25,12,40,220
Cızlak,Akşam,Vejetaryen,Yemek,100,7,20,10,40,210
TavukluPilav,Akşam,Hiçbiri,Yemek,100,8,30,5,20,250
BeytiKebabı,Akşam,Hiçbiri,Yemek,100,18,12,22,70,330
Alinazik,Akşam,Hiçbiri,Yemek,100,10,6,18,40,210
KuzuEtliKöfte,Akşam,Hiçbiri,Yemek,100,18,8,14,70,210
TavukŞiş,Öğle,Hiçbiri,Yemek,100,22,1,5,65,130
BalıkIzgara,Öğle,Hiçbiri,Yemek,100,20,0,8,60,140
KuruFasulye,Akşam,Vegan,Yemek,100,7,20,3,0,150
ZeytinyağlıKereviz,Akşam,Vegan,Sebze,100,2,10,5,0,80
ÇiğKöfte,Öğle,Vegan,Yemek,100,10,25,8,0,200
EtliNohut,Akşam,Hiçbiri,Yemek,100,9,15,7,45,190
KarnıbaharYemeği,Akşam,Vegan,Sebze,100,3,12,6,0,90
PatatesKöftesi,Öğle,Vejetaryen,Köfte,100,4,22,8,20,200
BulgurPilavı,Akşam,Vejetaryen,Pilav,100,5,30,2,0,150
YoğurtÇorbası,Akşam,Hiçbiri,Çorba,100,4,10,2,5,80
KaralahanaSarması,Akşam,Hiçbiri,Sarma,100,7,15,8,40,180
ArnavutCiğeri,Akşam,Hiçbiri,Köfte,100,15,5,12,80,220
ZeytinyağlıIspanak,Öğle,Vegan,Yemek,100,3,8,4,0,70
PatatesliBörek,Öğle,Hiçbiri,Börek,100,6,25,10,30,220
ZeytinyağlıPırasa,Öğle,Vegan,Yemek,100,2,10,5,0,80
TazeBörülceSalatası,Öğle,Hiçbiri,Salata,100,3,10,4,0,70
SuluKöfte,Akşam,Hiçbiri,Köfte,100,10,12,8,40,190
FırındaPatates,Öğle,Vegan,Yemek,100,2,20,5,0,110
ZeytinyağlıTazeBamya,Öğle,Vegan,Yemek,100,2,8,4,0,60
UnHelvası,Akşam,Vejetaryen,Tatlı,100,3,30,10,0,200
İmamBayıldı,Akşam,Vegan,Yemek,100,2,10,7,0,90
YumurtalıIspanak,Öğle,Vejetaryen,Yemek,100,6,8,5,160,120
Keşkek,Akşam,Hiçbiri,Yemek,100,7,20,6,25,160
YoğurtluMarulSalatası,Öğle,Hiçbiri,Salata,100,2,5,2,0,40
Muhlama,Sabah,Vejetaryen,Yemek,100,5,15,15,30,200
FırındaMücver,Öğle,Hiçbiri,Yemek,100,6,12,5,20,120
TavukÇorbası,Öğle,Hiçbiri,Çorba,100,7,8,2,20,90
ZeytinyağlıBakla,Öğle,Vegan,Yemek,100,4,10,5,0,80
YeşilMercimekYemeği,Öğle,Vegan,Yemek,100,8,20,3,0,140
SebzeliGüveç,Akşam,Vegan,Yemek,100,4,12,4,0,90
FırındaHamsi,Akşam,Hiçbiri,Balık,100,15,2,6,50,140
Sütlaç,Akşam,Vejetaryen,Tatlı,100,4,18,3,10,110
ŞehriyeliPilav,Akşam,Vejetaryen,Pilav,100,4,30,3,0,150
TavukluSalata,Öğle,Hiçbiri,Salata,100,10,8,5,30,120
EtliSebzeÇorbası,Akşam,Hiçbiri,Çorba,100,6,10,4,25,110
HavuçTarator,Öğle,Vegan,Yemek,100,2,10,6,0,90
TavukluKarnıyarık,Akşam,Hiçbiri,Yemek,100,10,8,7,30,160
ZeytinyağlıŞalgam,Öğle,Vegan,Yemek,100,1,8,3,0,60
EtliPide,Akşam,Hiçbiri,Pide,100,12,35,10,50,300
PeynirliBörek,Öğle,Vejetaryen,Börek,100,7,25,12,30,220
TereyağlıErişte,Öğle,Vejetaryen,Yemek,100,6,35,12,45,280
Kuzuİncik,Akşam,Hiçbiri,Yemek,100,22,3,15,70,250
TavukKanat,Akşam,Hiçbiri,Yemek,100,20,1,10,70,180
ZeytinyağlıBrükselLahanası,Öğle,Vegan,Yemek,100,3,8,4,0,70
FırınSütlaç,Akşam,Vejetaryen,Tatlı,100,4,18,3,15,120
KabakGraten,Öğle,Vejetaryen,Yemek,100,4,10,7,15,130
SebzeliOmlet,Sabah,Vejetaryen,Yemek,100,8,5,10,220,150
YoğurtluHavuçSalatası,Öğle,Hiçbiri,Salata,100,2,8,3,5,80
BiberDolması,Akşam,Vejetaryen,Sarma,100,5,15,6,10,120
CevizliTarator,Öğle,Vegan,Yemek,100,4,8,12,0,140
FırındaKuşkonmaz,Akşam,Vegan,Yemek,100,3,6,4,0,50
BulgurluKabakDolması,Akşam,Vegan,Sarma,100,6,20,4,10,140
ZeytinyağlıIspanak,Akşam,Vegan,Yemek,100,3,8,4,0,70
KremalıTavukÇorbası,Akşam,Hiçbiri,Çorba,100,8,10,6,25,120
TarhanaCipsi,Öğle,Vejetaryen,Cips,100,8,18,2,10,100
İzmirKöfte,Akşam,Hiçbiri,Köfte,100,12,10,8,45,180
PazıSarması,Akşam,Vegan,Sarma,100,5,12,6,10,110
ZeytinyağlıLahanaDolması,Akşam,Vegan,Sarma,100,5,15,4,0,100
TazeFasulyeKavurması,Akşam,Vegan,Yemek,100,4,10,5,0,80
FırındaMantarlıTavuk,Akşam,Hiçbiri,Yemek,100,15,6,8,40,150
BulgurluKöfte,Akşam,Vejetaryen,Köfte,100,8,18,4,20,160
ŞehriyePilavı,Akşam,Vejetaryen,Pilav,100,4,25,3,0,130
ZeytinyağlıBamya,Akşam,Vegan,Yemek,100,3,12,4,0,80
YumurtaDolması,Öğle,Hiçbiri,Sarma,100,10,2,8,200,120
FırındaPatatesliTavuk,Akşam,Hiçbiri,Yemek,100,12,10,6,35,150
SebzeliKuskus,Akşam,Vegan,Yemek,100,5,22,4,10,130
ArpaŞehriyeÇorbası,Akşam,Vejetaryen,Çorba,100,3,15,2,0,70
EtliKabakYemeği,Akşam,Hiçbiri,Yemek,100,10,8,5,30,110
TavukluZeytinyağlıSarma,Akşam,Hiçbiri,Sarma,100,8,14,6,20,130
ÇıtırKarnabahar,Öğle,Vegan,Yemek,100,4,18,6,0,120
YoğurtluMakarnaSalatası,Öğle,Hiçbiri,Salata,100,5,20,4,10,130
FırındaHavuçluMücver,Öğle,Vegan,Yemek,100,4,10,3,0,90
TavukluPırasaYemeği,Akşam,Hiçbiri,Yemek,100,9,8,4,25,100
FırındaIzgaraSebze,Akşam,Vegan,Yemek,100,2,8,4,0,60
BalıkKöfte,Akşam,Hiçbiri,Köfte,100,12,6,5,40,140
CiğerKavurma,Akşam,Hiçbiri,Yemek,100,20,2,10,100,200
TavukluKerevizYemeği,Akşam,Hiçbiri,Yemek,100,9,6,4,30,90
EtliPırasaDolması,Akşam,Hiçbiri,Sarma,100,10,12,6,35,140
DomatesÇorbası,Akşam,Vejetaryen,Çorba,100,2,10,3,0,70
SebzeliErişte,Akşam,Vejetaryen,Yemek,100,5,25,4,10,140
FırındaKarnabaharGraten,Öğle,Vejetaryen,Yemek,100,6,10,6,25,110
AcılıEzme,Sabah,Vegan,Yemek,100,2,5,4,0,50
TavukluSebzeGüveç,Akşam,Hiçbiri,Yemek,100,12,10,8,30,180
FırındaEtliPatlıcan,Akşam,Hiçbiri,Yemek,100,15,5,10,40,220
PatatesÇorbası,Akşam,Vejetaryen,Çorba,100,4,12,3,5,90
FırındaSebzeliMücver,Öğle,Vegan,Yemek,100,5,10,4,0,100
ÇıtırZeytinliSimit,Sabah,Vegan,Ekler,100,4,15,5,0,110
EtliNohut,Akşam,Hiçbiri,Yemek,100,18,30,10,40,240
FırındaKabakSandal,Öğle,Vegan,Yemek,100,3,10,5,0,80
TazeBezelyeYemeği,Akşam,Vejetaryen,Yemek,100,5,12,6,5,100
BalıkBuğlama,Akşam,Hiçbiri,Yemek,100,12,8,5,20,180
TavukluGüveç,Akşam,Hiçbiri,Yemek,100,12,12,9,40,200
FırındaZeytinliPoğaça,Sabah,Vejetaryen,Poğaça,100,6,25,8,15,220
TerbiyeliKerevizÇorbası,Akşam,Vejetaryen,Çorba,100,3,10,4,5,90
ZeytinyağlıPatlıcanYemeği,Akşam,Vejetaryen,Yemek,100,6,15,7,0,120
SoğanDolması,Akşam,Vejetaryen,Sarma,100,5,12,6,10,100
BalıkÇorbası,Akşam,Hiçbiri,Çorba,100,10,6,3,30,80
KaymaklıEkmekKadayıfı,Akşam,Hiçbiri,Tatlı,100,5,30,8,25,200
KellePaçaÇorbası,Random,Hiçbiri,Çorba,100,15,2,10,90,120
MısırUnluHamsiTava,Akşam,Hiçbiri,Yemek,100,12,10,8,60,150
TandırKebabı,Akşam,Hiçbiri,Yemek,100,18,0,12,70,200
YoğurtluPatatesEzmesi,Öğle,Vejetaryen,Yemek,100,4,14,5,10,90
ZeytinyağlıBörülce,Öğle,Vegan,Yemek,100,3,15,4,0,80
TahinliPiyaz,Öğle,Vejetaryen,Yemek,100,6,18,10,5,140
BalKabağıÇorbası,Akşam,Vegan,Çorba,100,2,12,3,0,70
FırındaBeşamelSosluTavuk,Akşam,Hiçbiri,Yemek,100,10,8,10,35,150
KuruPatlıcanDolması,Akşam,Vejetaryen,Sarma,100,5,16,6,10,120
Kuymak(Mıhlama),Sabah,Hiçbiri,Yemek,100,8,12,15,30,200
FırındaCızlakBöreği,Random,Vejetaryen,Yemek,100,6,22,10,20,180
YaylaÇorbası,Öğle,Vejetaryen,Çorba,100,3,15,2,5,80
MantarlıBulgurPilavı,Akşam,Vegan,Yemek,100,4,20,5,0,120
ÇıtırKabakÇubukları,Random,Vegan,Yemek,100,3,15,6,0,110
PideliKöfte,Akşam,Hiçbiri,Yemek,100,10,20,8,35,190
TavukluBezelyeYemeği,Akşam,Hiçbiri,Yemek,100,8,10,5,20,110
ZeytinyağlıKarnıyarık,Akşam,Vejetaryen,Yemek,100,4,10,6,10,100
FırındaKaşarlıPatates,Akşam,Vejetaryen,Yemek,100,5,18,8,20,130
EtliAyvaYemeği,Akşam,Hiçbiri,Yemek,100,6,12,4,15,90
KuruBaklaEzmesi,Akşam,Vegan,Yemek,100,4,18,3,0,100
FırındaBiberiyeTavuk,Akşam,Hiçbiri,Yemek,100,12,5,8,40,140
ŞalgamlıPilav,Akşam,Vejetaryen,Yemek,100,3,22,3,0,120
KaralahanaÇorbası,Akşam,Hiçbiri,Çorba,100,2,10,3,0,70
TurşuKavurması,Öğle,Vejetaryen,Yemek,100,2,6,4,0,50
FırındaPatatesMücveri,Öğle,Vejetaryen,Yemek,100,4,14,5,10,90
MercimekKöftesi,Öğle,Vejetaryen,Yemek,100,7,18,4,0,110
MısırÇorbası,Öğle,Vejetaryen,Çorba,100,3,15,2,0,70
FırındaMantarGraten,Öğle,Hiçbiri,Yemek,100,5,8,7,20,90
YoğurtluSemizotuSalatası,Öğle,Vejetaryen,Salata,100,3,6,4,0,60
ÇökertmeKebabı,Akşam,Hiçbiri,Yemek,100,15,10,8,50,180
FırındaZeytinliKekikBöreği,Random,Vejetaryen,Yemek,100,5,20,8,10,150
Kavurma(Dana),Akşam,Hiçbiri,Yemek,100,20,0,12,80,200
TarhanaBöreği,Random,Vejetaryen,Yemek,100,6,20,10,25,180
FırındaDomatesDolması,Akşam,Vejetaryen,Yemek,100,3,12,5,0,70
BaharatlıNohutAtıştırması,Öğle,Vejetaryen,Yemek,100,6,18,4,0,100
KerevizGraten,Öğle,Hiçbiri,Yemek,100,4,10,7,20,110
KarnabaharÇorbası,Akşam,Vejetaryen,Çorba,100,3,8,3,0,60
TavukluBulgurSalatası,Öğle,Hiçbiri,Salata,100,7,18,4,20,120
FırındaTazeSoğanlıBörek,Random,Vejetaryen,Yemek,100,5,22,10,15,160
ZeytinyağlıIspanakBorani,Akşam,Vejetaryen,Yemek,100,4,12,6,0,100
ÇıtırKadayıflıTavuk,Akşam,Hiçbiri,Yemek,100,15,10,7,35,180
EtliPırasaKebabı,Akşam,Hiçbiri,Yemek,100,10,10,6,30,140
FırındaLahanaBöreği,Öğle,Vejetaryen,Yemek,100,4,15,6,10,120
FırındaTazeFasulyeKızartması,Öğle,Vejetaryen,Yemek,100,5,12,4,0,90
TazeFasulyeYemeği,Akşam,Vejetaryen,Yemek,100,5,10,4,0,80
FırındaKarnıbahar,Akşam,Vejetaryen,Yemek,100,4,10,6,0,90
ArnavutCiğeri,Akşam,Hiçbiri,Yemek,100,20,10,8,70,210
KarnıbaharKöftesi,Akşam,Vejetaryen,Yemek,100,6,12,8,10,120
ÇörekOtluBörek,Random,Vejetaryen,Yemek,100,5,22,12,20,200
KarışıkKızartma,Random,Vejetaryen,Yemek,100,5,20,8,0,150
PaçaÇorbası,Random,Hiçbiri,Çorba,100,14,2,8,70,120
ZeytinyağlıKısır,Öğle,Vejetaryen,Salata,100,4,15,6,0,120
LahanaSarması,Akşam,Vejetaryen,Yemek,100,4,14,5,0,90
Kumpir,Akşam,Vejetaryen,Yemek,100,4,20,7,15,180
ZeytinyağlıKabak,Öğle,Vejetaryen,Yemek,100,2,14,3,0,70
MantarlıYufkaBöreği,Random,Vejetaryen,Yemek,100,7,15,10,20,150
EtliFırınMakarna,Akşam,Hiçbiri,Yemek,100,12,20,10,45,200
KumpirliSalata,Akşam,Vejetaryen,Salata,100,4,15,7,0,130
ÇıtırTavukKanatları,Akşam,Hiçbiri,Yemek,100,15,10,8,50,200
KarnıbaharYemeği,Akşam,Vejetaryen,Yemek,100,4,12,3,0,70
ZeytinyağlıYaprakSarması,Random,Vejetaryen,Sarma,100,3,10,5,0,70
AkçaabatKöftesi,Akşam,Hiçbiri,Yemek,100,16,15,10,60,220
LimonluTavukSalatası,Öğle,Hiçbiri,Salata,100,12,5,3,15,120
FırındaSomon,Akşam,Hiçbiri,Yemek,100,18,0,12,50,200
KuzuTandır,Akşam,Hiçbiri,Yemek,100,20,4,15,60,250
SemizotuSalatası,Öğle,Vejetaryen,Salata,100,4,8,5,0,50
FırındaEtliİskender,Akşam,Hiçbiri,Yemek,100,15,10,8,70,210
KabakMücveri,Random,Vejetaryen,Yemek,100,5,18,8,10,150
ZeytinyağlıKarnıbaharÇorbası,Öğle,Vejetaryen,Çorba,100,2,9,4,0,60
TavukluMakarna,Akşam,Hiçbiri,Yemek,100,15,18,7,50,180
FırınTavuk,Akşam,Hiçbiri,Yemek,100,20,0,12,70,210
SebzeliBörek,Random,Vejetaryen,Yemek,100,6,18,10,20,160
TavukKızartma,Akşam,Hiçbiri,Yemek,100,12,5,10,50,180
TaratorluYoğurt,Öğle,Vejetaryen,Salata,100,6,7,10,0,110
FırındaKabakDolması,Akşam,Vejetaryen,Yemek,100,4,12,6,0,90
EtliÇorba,Akşam,Hiçbiri,Çorba,100,12,2,10,60,130
KuzuKapama,Akşam,Hiçbiri,Yemek,100,18,2,14,80,220
EtliYaprakSarma,Akşam,Hiçbiri,Yemek,100,15,10,8,30,180
Bal,Sabah,Vejetaryen,Diğer,0.3,78.4,0,0.1,315,115
Hurmatatlısı,Akşam,Vejetaryen,Tatlı,4.1,59.4,7.1,1,318,118
İrmikhelvası,Akşam,Vejetaryen,Tatlı,3.8,43.6,12.5,1,302,110
Muhallebi,Akşam,Vejetaryen,Tatlı,5.1,29.7,3.8,1,173,50
YoğurtluKözPatlıcan,Öğle,Vejetaryen,Yemek,100,2,5,4,5,60
TavukluPilavÜstüNohut,Akşam,Hiçbiri,Yemek,100,8,18,4,15,130
SebzeliKrep,Sabah,Vejetaryen,Yemek,100,6,14,5,20,130
ŞehriyeliPirinçPilavı,Akşam,Vejetaryen,Yemek,100,3,26,2,0,140
ÇökertmeKebabı,Akşam,Hiçbiri,Yemek,100,16,10,18,60,290
TestiKebabı,Akşam,Hiçbiri,Yemek,100,14,5,12,45,220
PatlıcanMusakka,Akşam,Vejetaryen,Yemek,100,5,7,6,30,110
TavukluŞehriyeÇorbası,Random,Hiçbiri,Çorba,100,4,7,3,25,80
LahanaDolması,Akşam,Vejetaryen,Yemek,100,4,12,5,0,110
KadınbuduKöfte,Öğle,Hiçbiri,Yemek,100,12,8,10,60,200
ZeytinyağlıBarbunya,Akşam,Vejetaryen,Yemek,100,4,14,7,0,150
İmamBayıldı,Akşam,Vejetaryen,Yemek,100,2,10,6,0,100
EtliTazeFasulye,Akşam,Hiçbiri,Yemek,100,6,8,5,20,120
KaralahanaÇorbası,Akşam,Vejetaryen,Çorba,100,2,6,3,0,60
TerbiyeliKuzuHaşlama,Akşam,Hiçbiri,Yemek,100,16,1,10,60,180
Karnıyarık,Akşam,Vejetaryen,Yemek,100,7,8,8,35,140
SucukluKuruFasulye,Akşam,Hiçbiri,Yemek,100,10,15,12,50,210
EriştePilavı,Akşam,Vejetaryen,Yemek,100,4,25,6,0,180
PirinçPilavı,Akşam,Vejetaryen,Yemek,100,3,28,1,0,140
ZeytinyağlıDomatesSosluBarbunya,Akşam,Vejetaryen,Yemek,100,4,10,6,0,90
HamsiliPilav,Akşam,Hiçbiri,Yemek,100,8,25,4,50,180
ZeytinyağlıKabak,Akşam,Vejetaryen,Yemek,100,1,8,5,0,90
TazeBörülceSalatası,Öğle,Vejetaryen,Salata,100,2,12,4,0,70
ÇerkezTavuğu,Öğle,Hiçbiri,Yemek,100,12,3,15,45,190
Tirit,Akşam,Vejetaryen,Yemek,100,9,12,10,40,170
Pide(Kıymalı),Akşam,Hiçbiri,Yemek,100,10,20,8,30,230
Lahmacun,Akşam,Hiçbiri,Yemek,100,9,21,5,25,200
Simit,Sabah,Vejetaryen,Yemek,100,10,46,6,0,250
SuBöreği,Random,Vejetaryen,Yemek,100,6,20,10,50,250
Güllaç,Akşam,Vejetaryen,Tatlı,100,3,25,2,0,120
TulumbaTatlısı,Akşam,Vejetaryen,Tatlı,100,2,45,10,0,280
SarayMuhallebisi,Akşam,Vejetaryen,Tatlı,100,3,20,5,15,150
KabakTatlısı,Akşam,Vejetaryen,Tatlı,100,1,30,2,0,110
AyvaTatlısı,Akşam,Vejetaryen,Tatlı,100,1,25,1,0,100
Komposto(Kayısı),Random,Vejetaryen,İçecek,100,1,18,0,0,80
TavukSote,Random,Hiçbiri,Yemek,100,15,4,6,40,140
FırındaPatatesliTavuk,Akşam,Hiçbiri,Yemek,100,10,12,5,30,150
EtliKabakDolması,Akşam,Hiçbiri,Yemek,100,8,6,5,25,120
TavukluMantarlıGüveç,Akşam,Hiçbiri,Yemek,100,12,3,6,40,140
SebzeliEtHaşlama,Akşam,Hiçbiri,Yemek,100,14,5,8,45,160
ZeytinyağlıBamya,Akşam,Vejetaryen,Yemek,100,2,10,4,0,80
EtliPatlıcanDolması,Akşam,Hiçbiri,Yemek,100,10,8,6,30,140
KabakMücver,Random,Vejetaryen,Yemek,100,3,12,6,10,110
HavuçÇorbası,Öğle,Vejetaryen,Çorba,100,1,7,3,0,50
TavukluMercimekYemeği,Akşam,Hiçbiri,Yemek,100,10,12,4,35,130
PırasaYemeği,Akşam,Vejetaryen,Yemek,100,1,7,3,0,60
TavukluArpaŞehriyePilavı,Akşam,Hiçbiri,Yemek,100,6,22,3,10,140
FırındaBalık,Akşam,Hiçbiri,Yemek,100,20,0,8,55,180
HamsiBuğulama,Akşam,Hiçbiri,Yemek,100,18,0,7,45,150
SebzeliLevrekBuğulama,Akşam,Hiçbiri,Yemek,100,15,2,5,40,130
PazılıBörek,Öğle,Vejetaryen,Yemek,100,6,14,8,20,180
FırındaSebzeliTavuk,Akşam,Hiçbiri,Yemek,100,9,5,6,25,130
ZeytinyağlıEnginarDolması,Akşam,Vejetaryen,Yemek,100,3,9,5,0,80
SebzeliMercimekÇorbası,Öğle,Vejetaryen,Çorba,100,3,10,2,0,70
TavukluPilav,Akşam,Hiçbiri,Yemek,100,7,18,3,15,130
SebzeliMercimekliKöfte,Akşam,Vejetaryen,Yemek,100,8,12,5,20,110
PirinçliDomatesÇorbası,Akşam,Vejetaryen,Çorba,100,2,7,2,0,50
TazeFasulyeKavurması,Öğle,Vejetaryen,Yemek,100,2,5,4,10,70
PatatesOturtma,Akşam,Vejetaryen,Yemek,100,6,10,6,20,100
ZeytinyağlıSemizotu,Öğle,Vejetaryen,Yemek,100,2,5,3,0,50
FırındaSebzeliSomon,Akşam,Hiçbiri,Yemek,100,20,1,10,60,180
ZeytinyağlıKuşkonmaz,Akşam,Vejetaryen,Yemek,100,3,7,4,0,70
YoğurtluKarışıkSebze,Öğle,Vejetaryen,Yemek,100,5,7,4,15,90
SebzeliBulgurPilavı,Akşam,Vejetaryen,Yemek,100,5,18,2,10,100
