Yazi,Anlam,Baslik
Akşamına,Akşam,Ogun
Akşam,Akşam,Ogun
Akşama,Akşam,Ogun
Akşam için,Akşam,Ogun
Akşam yemeği,Akşam,Ogun
akşam,Akşam,Ogun
sabah kahvaltısına,Sabah,Ogun
sabaha,Sabah,Ogun
Sabah,Sabah,Ogun
sabah,Sabah,Ogun
sabah kahvaltısı,Sabah,Ogun
kahvaltıya,Sabah,Ogun
kahvaltı,Sabah,Ogun
sabah için,Sabah,Ogun
kahvaltı için,Sabah,Ogun
öğlen,Öğle,Ogun
öğlene,Öğle,Ogun
öğle yemeğine,Öğle,Ogun
öğlen yemeği,Öğle,Ogun
öğle yemeği,Öğle,Ogun
öğlen için,Öğle,Ogun
öğleye,Öğle,Ogun
vejeteryen,Vejetaryen,Tur
vejetaryen,Vejetaryen,Tur
vejeteryan,Vejetaryen,Tur
vegan,Vegan,Tur
Vegan,Vegan,Tur
etli,Et,Kategori
çorba,Çorba,Kategori
